user;repo
atulbipin;pranavjain97/the-social-network-backend
atulbipin;pranavjain97/the-social-network-ios
atulbipin;atulbipin/VoiceChanger
atulbipin;atulbipin/PantsOrShorts-iOS
atulbipin;atulbipin/dev-env-setup
atulbipin;atulbipin/uw-wkrpt
atulbipin;atulbipin/ShopifyDemo
atulbipin;atulbipin/ReSwift
atulbipin;atulbipin/clojure-spellchecker
atulbipin;atulbipin/TrueFalseStarter
atulbipin;zahin-mohammad/dev-env-setup
atulbipin;atulbipin/EngHacks
atulbipin;atulbipin/callback
atulbipin;atulbipin/moment
atulbipin;atulbipin/spotify-slackbot
atulbipin;atulbipin/WatSwift
AttwellBrian;AttwellBrian/LinearAlloc-Samples
AttwellBrian;AttwellBrian/Android-StaticLauncher
AttwellBrian;AttwellBrian/hugo
AttwellBrian;AttwellBrian/k8s-stackdriver
AttwellBrian;AttwellBrian/onelogin-oidc-java
AttwellBrian;AttwellBrian/dagger
AttwellBrian;AttwellBrian/loglifecycle
AttwellBrian;AttwellBrian/contrib
AttwellBrian;AttwellBrian/material-components-android
AttwellBrian;AttwellBrian/nico
AttwellBrian;AttwellBrian/angularjs-Quizzler
AttwellBrian;AttwellBrian/onelogin-oidc-node
AttwellBrian;AttwellBrian/CarND-Advanced-Lane-Lines
AttwellBrian;AttwellBrian/CarND-LaneLines-P1
AttwellBrian;AttwellBrian/JCenter
AttwellBrian;AttwellBrian/face-access-control
AttwellBrian;AttwellBrian/CarND-Behavioral-Cloning-P3
AttwellBrian;AttwellBrian/erlang-atrace-flamegraphs
AttwellBrian;AttwellBrian/dexClassSizeAnalyzer
AttwellBrian;AttwellBrian/helm-charts
AttwellBrian;AttwellBrian/agario
AttwellBrian;AttwellBrian/CarND-Vehicle-Detection
AttwellBrian;AttwellBrian/phab-username-highlighter-plugin
AttwellBrian;AttwellBrian/CarND-Extended-Kalman-Filter-Project
AttwellBrian;AttwellBrian/CarND-Unscented-Kalman-Filter-Project
AttwellBrian;AttwellBrian/oatdump_plus
AttwellBrian;AttwellBrian/android-ramping-noise
AttwellBrian;AttwellBrian/CarND-Traffic-Sign-Classifier-Project
AttwellBrian;AttwellBrian/decompiling-android
AttwellBrian;AttwellBrian/parse_androiddex
deedy;deedy/cricket-predictor
deedy;deedy/dotfiles
deedy;deedy/Custom-Scheme-Interpreter
deedy;deedy/3DGrapherJava
deedy;deedy/FindPasture
deedy;deedy/india-nfhs4
deedy;deedy/Apache-License
deedy;deedy/2x2x2CubeSolver
deedy;deedy/Deedy-Resume
deedy;deedy/jekyll
deedy;deedy/CheerPeer
deedy;deedy/CornellDatabaseFetcher
deedy;deedy/CS5625Interactive
deedy;deedy/Compilers
deedy;deedy/Connect4AI
deedy;deedy/Breakout
deedy;deedy/gradcafe_data
deedy;deedy/FantasyIPL-Moneyball
deedy;deedy/javaee7-samples
deedy;deedy/Explorer-Navigational-Website
deedy;deedy/cbse_schools_data
deedy;deedy/AudioGrab
deedy;deedy/Latex-Templates
deedy;deedy/LabelStuffDataAnalysis
deedy;deedy/elasticsearch
deedy;deedy/HiddenMarkovModelRandomWalk
deedy;deedy/cisce_schools_data
deedy;deedy/eBayBay
deedy;deedy/FacebookFun
deedy;deedy/HotelManagement
rahul-iyer;rahul-iyer/polite-dialogue-generation
rahul-iyer;rahul-iyer/torchMoji
rahul-iyer;rahul-iyer/smsdetection
rahul-iyer;rahul-iyer/mosesdecoder
rahul-iyer;rahul-iyer/Messaging-System
rahul-iyer;rahul-iyer/rahul-iyer.github.io
rahul-iyer;rahul-iyer/autocompletetext
rahul-iyer;rahul-iyer/mcdowell-cv
rahul-iyer;rahul-iyer/http_request_signer_AWS
rahul-iyer;rahul-iyer/word2vec_commented
rahul-iyer;rahul-iyer/repo_as_subtree
rahul-iyer;rahul-iyer/resumecard
rahul-iyer;rahul-iyer/AI-resources
rahul-iyer;rahul-iyer/CSrankings
rahul-iyer;rahul-iyer/elasticsearch-jq
rahul-iyer;rahul-iyer/ghtorrent.org
rahul-iyer;rahul-iyer/Allroundstudentevalsystem
rahul-iyer;rahul-iyer/SQL_to_English_Machine_Translation
rahul-iyer;rahul-iyer/LBS
rahul-iyer;rahul-iyer/BuildingMachineLearningSystemsWithPython
rahul-iyer;rahul-iyer/OpinionMiningForProductEnhancement
rahul-iyer;rahul-iyer/awesome-courses
rahul-iyer;rahul-iyer/transformer-xl
brian-norman;brian-norman/ISeeYouHacking.com
brian-norman;brian-norman/bin2Dec
brian-norman;brian-norman/Dem2Cal
brian-norman;brian-norman/sPam-Beesly
brian-norman;brian-norman/column-remover
brian-norman;zahin-mohammad/ece356-project
brian-norman;brian-norman/Covid-19
brian-norman;brian-norman/CubicPolynomial
brian-norman;brian-norman/TrumpBot
brian-norman;brian-norman/weightLess
brian-norman;brian-norman/ChristmasRedditBot
SunnyNagam;SunnyNagam/SENG438
SunnyNagam;SunnyNagam/ArmageddonBlitz
SunnyNagam;SunnyNagam/Keras-GAN
SunnyNagam;SunnyNagam/Sweet-Tooth
SunnyNagam;SunnyNagam/FizzBuzz-with-Deep-Neural-Networks
SunnyNagam;SunnyNagam/GANsPaperCollection
SunnyNagam;SunnyNagam/sunnynagam.github.io
SunnyNagam;SunnyNagam/StockMarketSimulator
SunnyNagam;SunnyNagam/sokasuki.github.io
SunnyNagam;SunnyNagam/SomeMachineLearningProject
SunnyNagam;SunnyNagam/Fadeway
SunnyNagam;SunnyNagam/JokeTweetBot
SunnyNagam;SunnyNagam/ENSF480Project1
SunnyNagam;SunnyNagam/BMObot
SunnyNagam;SunnyNagam/AddingWithFriends
SunnyNagam;SunnyNagam/Llama-Run
SunnyNagam;SunnyNagam/3DPool
SunnyNagam;SunnyNagam/GlobalInternet
SunnyNagam;SunnyNagam/BeerBot-backend
SunnyNagam;SunnyNagam/BattleField
SunnyNagam;SunnyNagam/ArraySorterVisualization
SunnyNagam;SunnyNagam/site
SunnyNagam;brian-norman/TrumpBot
SunnyNagam;SunnyNagam/LearningPlatform
SunnyNagam;SunnyNagam/AntiSocialMediaStyleSheet
SunnyNagam;SunnyNagam/Brun-Craft
SunnyNagam;SunnyNagam/old.SunnyNagam.github.io
SunnyNagam;SunnyNagam/FancyFit
SunnyNagam;SunnyNagam/DigitRecognition
SunnyNagam;SunnyNagam/cnn-ms-lesion-segmentation
SunnyNagam;SunnyNagam/TriggerEdge
3b1b;3b1b/manim
3b1b;3b1b/perseus
3b1b;3b1b/moderngl
Jspsun;Jspsun/CtCI-6th-Edition-Python
Jspsun;Jspsun/employHer
Jspsun;Jspsun/LEETCodePractice
Jspsun;Jspsun/markov-messenger-bot
Jspsun;Jspsun/MinimalReactBoilerPlate
Jspsun;Jspsun/home-assistant
Jspsun;Jspsun/DataStructures
Jspsun;Jspsun/express-frisk
Jspsun;Jspsun/CompetitiveCoding
Jspsun;Jspsun/298Lab
Jspsun;Jspsun/ece124
Jspsun;Jspsun/FirstYearProgrammingPractice
Jspsun;Jspsun/js.js
Jspsun;Jspsun/Origin
Jspsun;Jspsun/Extend
Jspsun;Jspsun/godash
Jspsun;Jspsun/Athena2.0
Jspsun;Jspsun/HackTheNorth2017
Jspsun;Jspsun/AthenaServer
Jspsun;Jspsun/EvolutionSimulator
Jspsun;Jspsun/DotFiles
Jspsun;Jspsun/AthenaSmartWatchFace
Jspsun;Jspsun/Jonathan.solar
Jspsun;Jspsun/hypernova
Jspsun;Jspsun/Athena
Jspsun;Jspsun/Athena1.0
Jspsun;Jspsun/AllisonLeagueSite
Jspsun;Jspsun/FranzNotionSupport
Jspsun;Jspsun/bettertouchtool-crypto
Jspsun;Jspsun/DuoToneMaterial
pranavjain97;pranavjain97/ScoreBored
pranavjain97;pranavjain97/the-social-network-backend
pranavjain97;pranavjain97/the-social-network-ios
pranavjain97;pranavjain97/JavaScript-Gists
pranavjain97;pranavjain97/WeatherForMe
pranavjain97;pranavjain97/ChessAI
pranavjain97;pranavjain97/LeetcodePractice
pranavjain97;pranavjain97/react-native-chatApp
pranavjain97;pranavjain97/Messenger-Pro
pranavjain97;pranavjain97/pranavjain97.github.io
pranavjain97;pranavjain97/Billing-System
pranavjain97;pranavjain97/Marquee
pranavjain97;pranavjain97/myWebBrowser
pranavjain97;pranavjain97/SyncUp
pranavjain97;pranavjain97/Bouncy
pranavjain97;pranavjain97/myPages--SPRING-MVC
pranavjain97;pranavjain97/gradSchool-analyser
zahin-mohammad;atulbipin/dev-env-setup
zahin-mohammad;zahin-mohammad/RuHacks18
zahin-mohammad;zahin-mohammad/ece356-project
zahin-mohammad;zahin-mohammad/dev-env-setup
zahin-mohammad;zahin-mohammad/gh-analytics
